"id","Firstname","Lastname","DayOfBirth","Department","Position","Phone","AdditionalPhone","Email","Age","CorpoEmail","SamAccountName"
"1","Alvie","Dubois","1956/10/25","Legal","VP Quality Control","469-13-2868","8083-61","adubois0@hao123.com",,,
"2","Lorna","Smetoun","2000/4/7","Support","Information Systems Manager","362-95-4983","5600-26","lsmetoun1@wiley",,,
"3","Hilary","Bestiman","1967/3/20","Legal","Recruiter","186-37-3069","3262-07","hbestiman2indiegogo.com",,,
"4","Emyle","MacBarron","1968/12/18","","Geological Engineer","689-16-0295","2371-90","emacbarron3@virginia.edu",,,
"5","Gisele","Desporte","1982/11/27","Marketing","Marketing Assistant","897-90-5278","1227-48","gdesporte4@wiley.com",,,
"6","Corney","Readman","1964/10/30","Research and Development","Programmer IV","","3164-91","creadman5@myspace.com",,,
"7","Norry","Eykelbosch","2002/6/9","Training","Quality Control Specialist","400-37-0920","9971-29","neykelbosch6@unblog.fr",,,
"8","Skipper","Brislane","1964/1/19","Business Development","Business Systems Development Analyst","591-77-9589","4652-51","sbrislane7@altervista.org",,,
"9","Brit","Berecloth","1982/3/8","Human Resources","Business Systems Development Analyst","561-98-5519","5841-79","bberecloth8@nytimes.com",,,
"10","Delbert","McCracken","1962/8/15","Support","VP Product Management","185-16-3730","6857-46","dmccracken9@miibeian.gov.cn",,,
"11","Sosanna","Waterman","1998/9/7","Research and Development","Administrative Officer","734-74-4392","6721-99","swatermana@oracle.com",,,
"12","Blanche","Gland","1987/1/31","Services","VP Sales","824-99-4421","0449-65","",,,
"13","Bradly","Rough","1952/4/27","Research and Development","Senior Sales Associate","159-49-8339","","broughc@prweb.com",,,
"14","","","1997/2/6","Product Management","Community Outreach Specialist","640-01-6931","2310-05","gtuberfieldd@pagesperso-orange.fr",,,
"15","Brander","Cicchinelli","1997/1/3","","","757-04-8638","8565-41","bcicchinellie@mapquest.com",,,
"16","Jehu","Archbell","1960/11/6","Sales","GIS Technical Architect","750-51-4729","5280-20","jarchbellf@facebook.com",,,
"17","Donnie","Klink","1952/1/20","Engineering","Marketing Assistant","592-44-8211","0423-66","dklinkg@ihg.com",,,
"18","Penn","Scamadin","1958/2/13","Legal","Recruiting Manager","570-77-1597","4086-52","pscamadinh@rakuten.co.jp",,,
"19","Celinda","Johnstone","","Services","","258-12-4653","2867-28","",,,
"20","Lutero","Grinishin","1998/1/9","Support","Senior Editor","361-51-4948","0529-71","lgrinishinj@yandex.ru",,,
"21","Karin","Saltrese","1955/1/10","Product Management","Pharmacist","346-68-1024","1380-85","",,,
"22","Sollie","Manz","2001/10/1","Services","Geological Engineer","667-77-7254","","smanzl@tmall.com",,,
"23","Kevin","Stebbings","1982/3/5","Support","Chief Design Engineer","","7778-06","kstebbingsm@imgur.com",,,
"24","Weston","Ragot","1995/2/20","Marketing","Recruiting Manager","839-10-7044","3157-11","wragotn@ameblo.jp",,,
"25","Lauren","","","Engineering","Computer Systems Analyst II","115-25-1568","4564-21","lgeratto@home.pl",,,
"26","Cloris","Gerok","1977/12/8","Product Management","Assistant Manager","","","",,,
"27","Olenka","Badman","1975/9/14","Product Management","Software Test Engineer III","767-82-0171","2528-37","obadmanq@jigsy.com",,,
"28","Gary","Coare","1988/12/14","Support","Junior Executive","310-36-7008","2539-31","gcoarer@oracle.com",,,
"29","Margarita","Tremlett","1989/11/22","Services","Project Manager","343-44-9156","9199-51","mtremletts@devhub.com",,,
"30","Emanuel","Teggart","","Support","Quality Control Specialist","502-68-0844","1652-45","eteggartt@dailymail.co.uk",,,
"31","Ashbey","Marchelli","1972/4/23","Services","Engineer I","563-08-3639","","amarchelliu@hp.com",,,
"32","Sig","Claughton","1981/3/2","Human Resources","Nuclear Power Engineer","885-59-9062","4720-30","sclaughtonv@bloglines.com",,,
"33","Kissie","Mossop","1977/3/14","Training","Administrative Assistant III","619-03-6034","1404-39","kmossopw@hugedomains.com",,,
"34","Sigmund","Skechley","1989/2/10","","Geological Engineer","","","sskechleyx@ifeng.com",,,
"35","Eve","Goldsbrough","1971/7/30","Legal","","","5112-05","",,,
"36","Burt","Sikorsky","1972/5/2","Engineering","Safety Technician IV","834-32-1909","2511-23","bsikorskyz@icio.us",,,
"37","Felicia","Bernolet","1971/10/26","Accounting","Senior Financial Analyst","837-83-6079","0182-59","fbernolet10@yandex.ru",,,
"38","Dreddy","Alessandrini","1989/11/5","Services","Sales Representative","898-99-8185","0606-06","dalessandrini11@tinyurl.com",,,
"39","Ada","Lunck","","Accounting","Quality Control Specialist","","3144-91","alunck12@mapquest.com",,,
"40","Edwin","Barfoot","2000/10/18","Support","Product Engineer","411-63-3813","3974-44","ebarfoot13@instagram.com",,,
"41","Jonas","Justun","1962/11/1","Sales","Operator","122-76-6773","6270-50","",,,
"42","Daryn","Hryniewicki","1967/6/25","Sales","Financial Advisor","670-89-9923","0957-21","dhryniewicki15@icq.com",,,
"43","Virginia","Trass","2002/9/21","Support","Graphic Designer","","1912-95","vtrass16@opera.com",,,
"44","Westleigh","Rushmare","1991/9/7","Legal","Recruiting Manager","836-67-7564","0116-51","wrushmare17@springer.com",,,
"45","Jozef","","1997/4/15","Human Resources","Internal Auditor","491-93-8173","4706-63","",,,
"46","Deane","Antoni","2001/12/26","Training","Structural Analysis Engineer","","","dantoni19@symantec.com",,,
"47","Valentia","Fantin","1973/6/5","Support","Chief Design Engineer","227-81-6358","3873-75","vfantin1a@plala.or.jp",,,
"48","Allyson","Glancy","1960/11/2","Human Resources","Professor","800-35-1848","4965-55","aglancy1b@google.co.uk",,,
"49","Berkeley","Soppit","1981/5/6","Sales","Civil Engineer","567-30-1765","9936-02","bsoppit1c@auda.org.au",,,
"50","Cointon","Melarkey","1961/5/24","Sales","Desktop Support Technician","120-96-4037","6917-70",,,,
